frame_index,cpu_frame_ms,gpu_forward_ms,draw_calls,triangle_count,object_count,working_set_bytes,gpu_total_ms,gpu_shadow_ms,gpu_gbuffer_ms,gpu_lighting_ms,gpu_transparent_ms,shadow_draw_calls,gbuffer_draw_calls,lighting_draw_calls,transparent_draw_calls,visible_object_count,culled_object_count
121,1.304000,,1148,1722765,1124,138334208,1.529856,0.381952,0.482304,0.665600,0.000000,125,1021,1,1,975,149
122,0.593100,,1148,1722765,1124,138481664,1.513472,0.393216,0.466944,0.653312,0.000000,125,1021,1,1,975,149
123,1.522800,,1148,1722777,1124,139919360,1.454080,0.382976,0.473088,0.596992,0.001024,125,1021,1,1,976,148
124,0.834000,,1148,1722789,1124,140316672,2.188288,0.413696,0.763904,1.008640,0.002048,125,1021,1,1,977,147
125,2.020700,,1148,1722789,1124,141950976,1.516544,0.388096,0.494592,0.631808,0.002048,125,1021,1,1,977,147
126,0.704500,,1148,1722789,1124,142016512,1.536000,0.385024,0.501760,0.647168,0.002048,125,1021,1,1,977,147
127,2.079700,,1148,1722789,1124,143187968,1.483776,0.396288,0.479232,0.606208,0.002048,125,1021,1,1,977,147
128,0.701800,,1148,1722789,1124,143384576,1.526784,0.388096,0.493568,0.644096,0.001024,125,1021,1,1,977,147
129,1.349100,,1148,1722789,1124,144826368,2.207744,0.679936,0.880640,0.645120,0.002048,125,1021,1,1,977,147
130,0.526400,,1148,1722789,1124,144891904,1.511424,0.395264,0.483328,0.630784,0.002048,125,1021,1,1,977,147
131,1.310400,,1148,1722789,1124,146137088,1.520640,0.392192,0.490496,0.636928,0.001024,125,1021,1,1,977,147
132,1.564400,,1148,1722789,1124,147382272,1.402880,0.398336,0.452608,0.550912,0.001024,125,1021,1,1,977,147
133,0.665100,,1148,1722789,1124,147517440,1.462272,0.397312,0.472064,0.591872,0.001024,125,1021,1,1,977,147
134,1.374700,,1148,1722777,1124,149020672,2.160640,0.446464,0.744448,0.967680,0.002048,125,1021,1,1,976,148
135,1.337800,,1148,1722765,1124,150396928,1.628160,0.394240,0.580608,0.653312,0.000000,125,1021,1,1,975,149
136,0.628100,,1148,1722765,1124,150532096,1.615872,0.391168,0.570368,0.654336,0.000000,125,1021,1,1,975,149
137,1.211700,,1148,1722765,1124,152236032,1.558528,0.381952,0.513024,0.662528,0.001024,125,1021,1,1,975,149
138,0.931100,,1148,1722765,1124,152764416,1.581056,0.379904,0.526336,0.674816,0.000000,125,1021,1,1,975,149
139,1.579100,,1148,1722765,1124,154202112,2.172928,0.672768,0.860160,0.638976,0.001024,125,1021,1,1,975,149
140,0.669100,,1148,1722777,1124,154398720,1.520640,0.390144,0.497664,0.631808,0.001024,125,1021,1,1,976,148
141,1.255300,,1148,1722789,1124,155709440,1.487872,0.390144,0.480256,0.616448,0.001024,125,1021,1,1,977,147
142,1.328200,,1148,1722789,1124,157085696,1.488896,0.390144,0.489472,0.608256,0.001024,125,1021,1,1,977,147
143,0.525300,,1158,1730309,1124,157151232,1.465344,0.397312,0.478208,0.588800,0.001024,125,1031,1,1,978,146
144,1.118800,,1158,1730309,1124,158396416,2.110464,0.413696,0.749568,0.945152,0.002048,125,1031,1,1,978,146
145,0.730600,,1158,1730309,1124,158461952,1.458176,0.392192,0.489472,0.574464,0.002048,125,1031,1,1,978,146
146,1.391300,,1158,1730309,1124,159842304,1.421312,0.391168,0.461824,0.567296,0.001024,125,1031,1,1,978,146
147,0.709400,,1158,1730309,1124,160100352,1.424384,0.401408,0.459776,0.562176,0.001024,125,1031,1,1,978,146
148,1.791200,,1158,1730309,1124,161415168,1.417216,0.396288,0.450560,0.568320,0.002048,125,1031,1,1,978,146
149,0.510700,,1148,1722789,1124,161542144,1.732608,0.433152,0.732160,0.565248,0.002048,125,1021,1,1,977,147
150,1.444500,,1148,1722789,1124,162656256,1.800192,0.764928,0.458752,0.574464,0.002048,125,1021,1,1,977,147
151,1.326300,,1148,1722789,1124,164163584,1.421312,0.393216,0.452608,0.573440,0.002048,125,1021,1,1,977,147
152,1.690900,,1148,1722789,1124,164298752,1.438720,0.406528,0.465920,0.564224,0.002048,125,1021,1,1,977,147
153,2.994400,,1148,1722801,1124,164564992,1.419264,0.391168,0.466944,0.559104,0.002048,125,1021,1,1,978,146
154,2.166500,,1148,1722801,1124,164564992,1.723392,0.399360,0.488448,0.834560,0.001024,125,1021,1,1,978,146
155,2.185700,,1148,1722801,1124,164564992,2.036736,0.740352,0.723968,0.570368,0.002048,125,1021,1,1,978,146
156,2.363900,,1148,1722801,1124,164696064,1.487872,0.396288,0.489472,0.601088,0.001024,125,1021,1,1,978,146
157,3.236000,,1148,1722789,1124,164696064,1.442816,0.398336,0.457728,0.585728,0.001024,125,1021,1,1,977,147
158,2.327100,,1148,1722789,1124,164696064,1.498112,0.385024,0.484352,0.627712,0.001024,125,1021,1,1,977,147
159,2.290700,,1148,1722777,1124,164696064,1.498112,0.386048,0.490496,0.620544,0.001024,125,1021,1,1,976,148
160,3.305300,,1148,1722777,1124,164696064,1.857536,0.387072,0.851968,0.617472,0.001024,125,1021,1,1,976,148
161,2.316000,,1148,1722777,1124,164696064,1.466368,0.384000,0.460800,0.620544,0.001024,125,1021,1,1,976,148
162,2.166800,,1148,1722789,1124,164696064,1.434624,0.395264,0.454656,0.582656,0.002048,125,1021,1,1,977,147
163,3.212500,,1148,1722789,1124,164696064,1.419264,0.388096,0.447488,0.581632,0.002048,125,1021,1,1,977,147
164,2.104300,,1148,1722789,1124,164696064,1.373184,0.393216,0.453632,0.524288,0.002048,125,1021,1,1,977,147
165,2.106400,,1148,1722789,1124,164696064,1.999872,0.685056,0.437248,0.875520,0.002048,125,1021,1,1,977,147
166,1.963100,,1148,1722789,1124,164696064,1.351680,0.393216,0.451584,0.504832,0.002048,125,1021,1,1,977,147
167,2.081500,,1148,1722789,1124,164696064,1.379328,0.403456,0.445440,0.528384,0.002048,125,1021,1,1,977,147
168,1.422900,,1148,1722789,1124,164696064,1.381376,0.407552,0.442368,0.529408,0.002048,125,1021,1,1,977,147
169,1.404300,,1148,1722789,1124,164696064,1.379328,0.412672,0.442368,0.522240,0.002048,125,1021,1,1,977,147
170,1.379100,,1148,1722789,1124,164696064,1.667072,0.406528,0.457728,0.800768,0.002048,125,1021,1,1,977,147
171,1.382900,,1148,1722789,1124,164700160,1.716224,0.769024,0.433152,0.512000,0.002048,125,1021,1,1,977,147
172,1.725900,,1148,1722789,1124,164700160,1.379328,0.378880,0.473088,0.525312,0.002048,125,1021,1,1,977,147
173,1.716700,,1158,1730321,1124,164700160,1.361920,0.380928,0.457728,0.521216,0.002048,125,1031,1,1,979,145
174,1.357600,,1158,1730321,1124,164700160,1.358848,0.386048,0.461824,0.508928,0.002048,125,1031,1,1,979,145
175,1.391500,,1158,1730321,1124,164700160,1.347584,0.375808,0.463872,0.506880,0.001024,125,1031,1,1,979,145
176,1.374500,,1158,1730321,1124,164700160,2.043904,0.407552,0.751616,0.882688,0.002048,125,1031,1,1,979,145
177,1.385600,,1158,1730321,1124,164700160,1.372160,0.377856,0.468992,0.523264,0.002048,125,1031,1,1,979,145
178,2.042700,,1158,1730321,1124,164700160,1.380352,0.403456,0.446464,0.528384,0.002048,125,1031,1,1,979,145
179,1.390800,,1158,1730321,1124,164700160,1.381376,0.374784,0.472064,0.532480,0.002048,125,1031,1,1,979,145
180,1.420900,,1158,1730321,1124,164700160,1.428480,0.386048,0.480256,0.560128,0.002048,125,1031,1,1,979,145
181,1.526000,,1158,1730321,1124,164700160,1.726464,0.389120,0.502784,0.832512,0.002048,125,1031,1,1,979,145
182,1.472600,,1158,1730333,1124,164700160,1.815552,0.763904,0.474112,0.576512,0.001024,125,1031,1,1,980,144
183,2.216700,,1158,1730333,1124,164700160,1.454080,0.394240,0.485376,0.573440,0.001024,125,1031,1,1,980,144
184,1.533700,,1158,1730357,1124,164700160,1.486848,0.386048,0.492544,0.606208,0.002048,125,1031,1,1,982,142
185,1.532000,,1158,1730357,1124,164700160,1.560576,0.386048,0.504832,0.668672,0.001024,125,1031,1,1,982,142
186,1.501200,,1158,1730357,1124,164704256,1.870848,0.389120,0.537600,0.944128,0.000000,125,1031,1,1,982,142
187,1.442200,,1158,1730357,1124,164704256,1.868800,0.752640,0.494592,0.619520,0.002048,125,1031,1,1,982,142
188,2.187600,,1158,1730357,1124,164704256,1.566720,0.395264,0.512000,0.658432,0.001024,125,1031,1,1,982,142
189,1.509800,,1158,1730357,1124,164704256,1.548288,0.404480,0.491520,0.651264,0.001024,125,1031,1,1,982,142
190,1.529500,,1158,1730357,1124,164704256,1.572864,0.385024,0.528384,0.658432,0.001024,125,1031,1,1,982,142
191,1.479500,,1158,1730357,1124,164704256,1.833984,0.385024,0.540672,0.907264,0.001024,125,1031,1,1,982,142
192,1.518800,,1158,1730357,1124,164704256,1.539072,0.392192,0.515072,0.629760,0.002048,125,1031,1,1,982,142
193,2.190100,,1158,1730369,1124,164704256,1.522688,0.389120,0.503808,0.628736,0.001024,125,1031,1,1,983,141
194,1.493500,,1158,1730369,1124,164704256,1.555456,0.395264,0.503808,0.654336,0.002048,125,1031,1,1,983,141
195,1.513700,,1158,1730369,1124,164704256,1.561600,0.398336,0.498688,0.662528,0.002048,125,1031,1,1,983,141
196,1.398500,,1158,1730369,1124,164704256,1.782784,0.411648,0.490496,0.878592,0.002048,125,1031,1,1,983,141
197,1.459100,,1158,1730369,1124,164835328,1.837056,0.786432,0.453632,0.595968,0.001024,125,1031,1,1,983,141
198,2.147800,,1158,1730369,1124,164835328,1.499136,0.395264,0.473088,0.628736,0.002048,125,1031,1,1,983,141
199,1.630700,,1158,1730369,1124,164835328,1.560576,0.394240,0.502784,0.661504,0.002048,125,1031,1,1,983,141
200,1.593700,,1158,1730369,1124,164835328,1.587200,0.389120,0.536576,0.660480,0.001024,125,1031,1,1,983,141
201,1.560100,,1158,1730369,1124,164933632,1.891328,0.402432,0.550912,0.937984,0.000000,125,1031,1,1,983,141
202,1.609100,,1158,1730381,1124,164933632,1.593344,0.379904,0.533504,0.678912,0.001024,125,1031,1,1,984,140
203,2.113300,,1158,1730381,1124,164933632,1.568768,0.386048,0.519168,0.661504,0.002048,125,1031,1,1,984,140
204,1.511300,,1158,1730381,1124,164933632,1.541120,0.388096,0.505856,0.646144,0.001024,125,1031,1,1,984,140
205,1.486600,,1158,1730393,1124,164933632,1.502208,0.391168,0.493568,0.616448,0.001024,125,1031,1,1,985,139
206,1.484700,,1158,1730393,1124,164933632,1.815552,0.440320,0.771072,0.603136,0.001024,125,1031,1,1,985,139
207,1.459400,,1158,1730393,1124,164933632,1.851392,0.769024,0.496640,0.584704,0.001024,125,1031,1,1,985,139
208,2.115600,,1148,1722873,1124,164933632,1.429504,0.380928,0.480256,0.567296,0.001024,125,1021,1,1,984,140
209,1.418400,,1148,1722873,1124,164933632,1.430528,0.393216,0.479232,0.556032,0.002048,125,1021,1,1,984,140
210,1.402200,,1138,1715353,1124,164933632,1.401856,0.393216,0.455680,0.550912,0.002048,125,1011,1,1,983,141
211,1.419500,,1138,1715353,1124,164933632,1.698816,0.399360,0.470016,0.827392,0.002048,125,1011,1,1,983,141
212,1.412600,,1138,1715353,1124,164933632,1.783808,0.760832,0.455680,0.565248,0.002048,125,1011,1,1,983,141
213,1.734600,,1138,1715353,1124,164933632,1.432576,0.401408,0.466944,0.562176,0.002048,125,1011,1,1,983,141
214,1.784000,,1138,1715353,1124,164933632,1.420288,0.395264,0.452608,0.570368,0.002048,125,1011,1,1,983,141
215,1.413900,,1138,1715353,1124,164933632,1.423360,0.392192,0.459776,0.569344,0.002048,125,1011,1,1,983,141
216,1.426900,,1128,1707833,1124,164933632,1.408000,0.396288,0.449536,0.560128,0.002048,125,1001,1,1,982,142
217,1.417700,,1128,1707833,1124,164933632,1.685504,0.402432,0.726016,0.553984,0.003072,125,1001,1,1,982,142
218,1.724100,,1128,1707833,1124,164933632,1.434624,0.423936,0.447488,0.561152,0.002048,125,1001,1,1,982,142
219,2.022900,,1128,1707833,1124,164933632,1.417216,0.385024,0.464896,0.565248,0.002048,125,1001,1,1,982,142
220,1.473400,,1128,1707833,1124,164933632,1.468416,0.397312,0.475136,0.594944,0.001024,125,1001,1,1,982,142
221,1.431900,,1128,1707821,1124,164933632,1.432576,0.386048,0.468992,0.575488,0.002048,125,1001,1,1,981,143
222,1.494200,,1128,1707821,1124,164933632,2.209792,0.425984,0.772096,1.009664,0.002048,125,1001,1,1,981,143
223,1.497400,,1128,1707821,1124,164933632,1.488896,0.395264,0.467968,0.624640,0.001024,125,1001,1,1,981,143
224,2.097000,,1128,1707821,1124,164933632,1.474560,0.386048,0.463872,0.622592,0.002048,125,1001,1,1,981,143
225,1.499900,,1128,1707821,1124,164933632,1.478656,0.388096,0.461824,0.626688,0.002048,125,1001,1,1,981,143
226,1.380300,,1128,1707821,1124,164933632,1.462272,0.392192,0.459776,0.608256,0.002048,125,1001,1,1,981,143
227,1.414200,,1128,1707821,1124,164933632,2.146304,0.425984,0.739328,0.978944,0.002048,125,1001,1,1,981,143
228,1.369900,,1128,1707833,1124,164933632,1.355776,0.393216,0.443392,0.517120,0.002048,125,1001,1,1,982,142
229,1.986900,,1128,1707833,1124,164933632,1.348608,0.398336,0.444416,0.503808,0.002048,125,1001,1,1,982,142
230,1.344800,,1128,1707833,1124,164933632,1.344512,0.396288,0.446464,0.499712,0.002048,125,1001,1,1,982,142
231,1.367200,,1128,1707833,1124,164933632,1.385472,0.415744,0.436224,0.531456,0.002048,125,1001,1,1,982,142
232,1.374300,,1128,1707833,1124,164933632,1.389568,0.418816,0.433152,0.535552,0.002048,125,1001,1,1,982,142
233,1.369500,,1128,1707833,1124,164933632,2.011136,0.683008,0.802816,0.523264,0.002048,125,1001,1,1,982,142
234,1.667900,,1128,1707833,1124,164933632,1.374208,0.398336,0.442368,0.530432,0.003072,125,1001,1,1,982,142
235,1.703100,,1128,1707833,1124,164933632,1.353728,0.395264,0.441344,0.515072,0.002048,125,1001,1,1,982,142
236,1.362800,,1128,1707833,1124,164933632,1.375232,0.382976,0.460800,0.529408,0.002048,125,1001,1,1,982,142
237,1.357600,,1128,1707833,1124,164933632,1.353728,0.379904,0.445440,0.525312,0.003072,125,1001,1,1,982,142
238,1.350900,,1128,1707821,1124,164933632,2.016256,0.411648,0.733184,0.869376,0.002048,125,1001,1,1,981,143
239,1.348300,,1128,1707821,1124,164933632,1.335296,0.375808,0.449536,0.506880,0.003072,125,1001,1,1,981,143
240,2.032500,,1128,1707821,1124,164933632,1.332224,0.374784,0.452608,0.502784,0.002048,125,1001,1,1,981,143
241,1.352500,,1128,1707833,1124,164933632,1.350656,0.377856,0.452608,0.518144,0.002048,125,1001,1,1,982,142
242,1.375200,,1128,1707833,1124,164933632,1.354752,0.379904,0.453632,0.519168,0.002048,125,1001,1,1,982,142
243,1.370900,,1128,1707833,1124,164933632,1.383424,0.382976,0.460800,0.537600,0.002048,125,1001,1,1,982,142
244,1.431700,,1128,1707833,1124,165064704,2.065408,0.406528,0.722944,0.932864,0.003072,125,1001,1,1,982,142
245,1.722100,,1128,1707833,1124,165064704,1.409024,0.392192,0.456704,0.557056,0.003072,125,1001,1,1,982,142
246,1.802300,,1138,1715353,1124,165064704,1.427456,0.378880,0.481280,0.564224,0.003072,125,1011,1,1,983,141
247,1.440800,,1138,1715341,1124,165064704,1.442816,0.387072,0.481280,0.572416,0.002048,125,1011,1,1,982,142
248,1.479800,,1138,1715341,1124,165064704,1.487872,0.384000,0.490496,0.612352,0.001024,125,1011,1,1,982,142
249,1.560300,,1138,1715353,1124,165064704,1.820672,0.446464,0.765952,0.607232,0.001024,125,1011,1,1,983,141
250,1.874400,,1138,1715353,1124,165064704,1.880064,0.769024,0.483328,0.626688,0.001024,125,1011,1,1,983,141
251,1.837500,,1138,1715353,1124,165064704,1.488896,0.387072,0.480256,0.619520,0.002048,125,1011,1,1,983,141
252,1.548800,,1138,1715353,1124,165064704,1.547264,0.401408,0.480256,0.663552,0.002048,125,1011,1,1,983,141
253,1.542400,,1138,1715365,1124,165064704,1.517568,0.388096,0.484352,0.643072,0.002048,125,1011,1,1,984,140
254,1.576300,,1138,1715377,1124,165064704,1.850368,0.429056,0.506880,0.913408,0.001024,125,1011,1,1,985,139
255,1.827500,,1138,1715377,1124,165064704,1.846272,0.733184,0.489472,0.622592,0.001024,125,1011,1,1,985,139
256,1.899100,,1138,1715377,1124,165064704,1.496064,0.390144,0.493568,0.610304,0.002048,125,1011,1,1,985,139
257,1.508300,,1138,1715389,1124,165064704,1.482752,0.398336,0.473088,0.609280,0.002048,125,1011,1,1,986,138
258,1.550300,,1138,1715389,1124,165064704,1.776640,0.633856,0.513024,0.628736,0.001024,125,1011,1,1,986,138
259,1.559500,,1138,1715389,1124,165064704,2.222080,0.440320,0.757760,1.022976,0.001024,125,1011,1,1,986,138
260,1.780800,,1128,1707869,1124,165064704,1.488896,0.400384,0.450560,0.635904,0.002048,125,1001,1,1,985,139
261,1.819700,,1128,1707869,1124,165064704,1.447936,0.398336,0.441344,0.607232,0.001024,125,1001,1,1,985,139
262,1.481800,,1128,1707869,1124,165064704,1.487872,0.390144,0.471040,0.626688,0.000000,125,1001,1,1,985,139
263,1.555700,,1128,1707869,1124,165064704,1.472512,0.392192,0.485376,0.593920,0.001024,125,1001,1,1,985,139
264,1.586900,,1128,1707869,1124,165064704,2.239488,0.440320,0.786432,1.012736,0.000000,125,1001,1,1,985,139
265,1.890800,,1128,1707869,1124,165064704,1.539072,0.381952,0.509952,0.647168,0.000000,125,1001,1,1,985,139
266,1.957700,,1128,1707869,1124,165064704,1.513472,0.374784,0.482304,0.656384,0.000000,125,1001,1,1,985,139
267,1.562100,,1128,1707869,1124,165064704,1.513472,0.377856,0.494592,0.638976,0.002048,125,1001,1,1,985,139
268,1.537600,,1128,1707881,1124,165064704,1.514496,0.384000,0.479232,0.649216,0.002048,125,1001,1,1,986,138
269,1.485600,,1128,1707905,1124,165064704,2.171904,0.442368,0.756736,0.970752,0.002048,125,1001,1,1,988,136
270,1.811800,,1128,1707905,1124,165064704,1.456128,0.403456,0.466944,0.583680,0.002048,125,1001,1,1,988,136
271,1.841800,,1128,1707905,1124,165064704,1.423360,0.393216,0.460800,0.567296,0.002048,125,1001,1,1,988,136
272,1.404500,,1128,1707905,1124,165064704,1.405952,0.385024,0.459776,0.559104,0.002048,125,1001,1,1,988,136
273,1.424000,,1128,1707905,1124,165064704,1.392640,0.387072,0.454656,0.548864,0.002048,125,1001,1,1,988,136
274,1.399700,,1128,1707905,1124,165064704,1.673216,0.394240,0.468992,0.807936,0.002048,125,1001,1,1,988,136
275,1.703900,,1128,1707905,1124,165064704,1.747968,0.766976,0.437248,0.541696,0.002048,125,1001,1,1,988,136
276,1.800100,,1128,1707905,1124,165064704,1.395712,0.397312,0.434176,0.562176,0.002048,125,1001,1,1,988,136
277,1.388400,,1128,1707905,1124,165064704,1.406976,0.389120,0.452608,0.563200,0.002048,125,1001,1,1,988,136
278,1.405300,,1128,1707905,1124,165064704,1.430528,0.414720,0.431104,0.582656,0.002048,125,1001,1,1,988,136
279,1.416500,,1128,1707905,1124,165064704,1.425408,0.393216,0.447488,0.582656,0.002048,125,1001,1,1,988,136
280,1.406500,,1128,1707905,1124,165064704,2.041856,0.662528,0.817152,0.559104,0.002048,125,1001,1,1,988,136
281,1.684400,,1128,1707905,1124,165126144,1.399808,0.392192,0.448512,0.557056,0.002048,125,1001,1,1,988,136
282,1.762800,,1128,1707905,1124,165126144,1.411072,0.397312,0.447488,0.564224,0.002048,125,1001,1,1,988,136
283,1.399000,,1128,1707905,1124,165126144,1.424384,0.401408,0.448512,0.572416,0.002048,125,1001,1,1,988,136
284,1.461800,,1128,1707905,1124,165126144,1.443840,0.390144,0.472064,0.579584,0.002048,125,1001,1,1,988,136
285,1.422700,,1118,1700385,1124,165126144,1.736704,0.425984,0.473088,0.835584,0.002048,125,991,1,1,987,137
286,2.204400,,1118,1700361,1124,165126144,1.868800,0.769024,0.463872,0.634880,0.001024,125,991,1,1,985,139
287,1.478200,,1118,1700361,1124,165126144,1.500160,0.389120,0.490496,0.618496,0.002048,125,991,1,1,985,139
288,1.503200,,1118,1700361,1124,165126144,1.466368,0.389120,0.456704,0.618496,0.002048,125,991,1,1,985,139
289,1.432100,,1118,1700361,1124,165126144,1.480704,0.386048,0.463872,0.628736,0.002048,125,991,1,1,985,139
290,1.449500,,1118,1700361,1124,165126144,1.758208,0.404480,0.474112,0.877568,0.002048,125,991,1,1,985,139
291,2.149000,,1118,1700361,1124,165130240,2.021376,0.382976,0.800768,0.835584,0.002048,125,991,1,1,985,139
292,1.334200,,1118,1700361,1124,165130240,1.359872,0.391168,0.441344,0.525312,0.002048,125,991,1,1,985,139
293,1.339300,,1118,1700361,1124,165130240,1.343488,0.394240,0.433152,0.514048,0.002048,125,991,1,1,985,139
294,1.334400,,1118,1700361,1124,165130240,1.323008,0.391168,0.435200,0.494592,0.002048,125,991,1,1,985,139
295,1.386100,,1118,1700361,1124,165130240,1.347584,0.406528,0.416768,0.522240,0.002048,125,991,1,1,985,139
296,1.382100,,1118,1700373,1124,165130240,1.985536,0.655360,0.798720,0.529408,0.002048,125,991,1,1,986,138
297,2.004200,,1118,1700385,1124,165130240,1.362944,0.409600,0.422912,0.528384,0.002048,125,991,1,1,987,137
298,1.367000,,1118,1700397,1124,165130240,1.362944,0.388096,0.444416,0.528384,0.002048,125,991,1,1,988,136
299,1.345700,,1118,1700397,1124,165130240,1.415168,0.391168,0.429056,0.592896,0.002048,125,991,1,1,988,136
300,1.366200,,1118,1700397,1124,165130240,1.472512,0.380928,0.450560,0.640000,0.001024,125,991,1,1,988,136
301,1.351200,,1118,1700409,1124,165130240,1.745920,0.431104,0.457728,0.855040,0.002048,125,991,1,1,989,135
302,2.012100,,1118,1700409,1124,165130240,1.697792,0.753664,0.424960,0.517120,0.002048,125,991,1,1,989,135
303,1.346400,,1118,1700409,1124,165130240,1.390592,0.369664,0.454656,0.563200,0.003072,125,991,1,1,989,135
304,1.299500,,1118,1700421,1124,165130240,1.403904,0.374784,0.460800,0.566272,0.002048,125,991,1,1,990,134
305,1.334900,,1118,1700421,1124,165130240,1.372160,0.369664,0.456704,0.542720,0.003072,125,991,1,1,990,134
306,1.350800,,1118,1700421,1124,165130240,1.389568,0.386048,0.456704,0.544768,0.002048,125,991,1,1,990,134
307,1.379400,,1118,1700421,1124,165130240,1.995776,0.651264,0.799744,0.541696,0.003072,125,991,1,1,990,134
308,2.082200,,1118,1700421,1124,165130240,1.491968,0.378880,0.460800,0.650240,0.002048,125,991,1,1,990,134
309,1.408400,,1118,1700421,1124,165130240,1.486848,0.388096,0.450560,0.646144,0.002048,125,991,1,1,990,134
310,1.370200,,1118,1700433,1124,165130240,1.409024,0.398336,0.454656,0.553984,0.002048,125,991,1,1,991,133
311,1.425400,,1118,1700433,1124,165130240,1.488896,0.389120,0.448512,0.651264,0.000000,125,991,1,1,991,133
312,1.480100,,1118,1700433,1124,165130240,2.140160,0.676864,0.811008,0.651264,0.001024,125,991,1,1,991,133
313,1.826600,,1118,1700433,1124,165130240,1.455104,0.384000,0.463872,0.605184,0.002048,125,991,1,1,991,133
314,1.841700,,1118,1700433,1124,165130240,1.470464,0.389120,0.463872,0.615424,0.002048,125,991,1,1,991,133
315,1.466400,,1118,1700433,1124,165130240,1.446912,0.391168,0.449536,0.604160,0.002048,125,991,1,1,991,133
316,1.533700,,1118,1700433,1124,165130240,1.537024,0.388096,0.493568,0.653312,0.002048,125,991,1,1,991,133
317,1.523500,,1118,1700433,1124,165130240,2.225152,0.437248,0.755712,1.030144,0.002048,125,991,1,1,991,133
318,1.829900,,1118,1700433,1124,165130240,1.534976,0.380928,0.490496,0.662528,0.001024,125,991,1,1,991,133
319,1.818800,,1118,1700433,1124,165130240,1.515520,0.378880,0.487424,0.647168,0.002048,125,991,1,1,991,133
320,1.482400,,1118,1700433,1124,165130240,1.494016,0.399360,0.460800,0.632832,0.001024,125,991,1,1,991,133
321,1.474800,,1118,1700445,1124,165130240,1.500160,0.381952,0.483328,0.632832,0.002048,125,991,1,1,992,132
322,1.779200,,1118,1700445,1124,165130240,2.161664,0.712704,0.476160,0.970752,0.002048,125,991,1,1,992,132
323,2.211700,,1118,1700457,1124,165130240,1.521664,0.394240,0.468992,0.657408,0.001024,125,991,1,1,993,131
324,1.471500,,1118,1700457,1124,165130240,1.484800,0.396288,0.446464,0.640000,0.002048,125,991,1,1,993,131
325,1.443200,,1118,1700457,1124,165130240,1.470464,0.402432,0.442368,0.623616,0.002048,125,991,1,1,993,131
326,1.486000,,1128,1707977,1124,165130240,1.480704,0.397312,0.447488,0.632832,0.003072,125,1001,1,1,994,130
327,1.463700,,1138,1715497,1124,165130240,2.190336,0.441344,0.758784,0.988160,0.002048,125,1011,1,1,995,129
328,2.237800,,1128,1707977,1124,165130240,1.480704,0.382976,0.479232,0.617472,0.001024,125,1001,1,1,994,130
329,1.524300,,1128,1707977,1124,165130240,1.508352,0.379904,0.478208,0.650240,0.000000,125,1001,1,1,994,130
330,1.504100,,1128,1707977,1124,165130240,1.507328,0.377856,0.479232,0.650240,0.000000,125,1001,1,1,994,130
331,1.500900,,1128,1707965,1124,165130240,1.528832,0.404480,0.482304,0.641024,0.001024,125,1001,1,1,993,131
332,1.510300,,1128,1707977,1124,165130240,1.847296,0.428032,0.763904,0.653312,0.002048,125,1001,1,1,994,130
333,2.169500,,1128,1707989,1124,165130240,1.475584,0.388096,0.480256,0.605184,0.002048,125,1001,1,1,995,129
334,1.444500,,1128,1707977,1124,165130240,1.531904,0.400384,0.476160,0.653312,0.002048,125,1001,1,1,994,130
335,1.410400,,1128,1707977,1124,165130240,1.512448,0.396288,0.464896,0.649216,0.002048,125,1001,1,1,994,130
336,1.402800,,1138,1715497,1124,165130240,1.487872,0.386048,0.463872,0.635904,0.002048,125,1011,1,1,995,129
337,1.382500,,1138,1715497,1124,165130240,2.181120,0.428032,0.479232,1.271808,0.002048,125,1011,1,1,995,129
338,1.670900,,1138,1715485,1124,165130240,1.400832,0.390144,0.462848,0.545792,0.002048,125,1011,1,1,994,130
339,1.734900,,1138,1715485,1124,165130240,1.399808,0.399360,0.446464,0.551936,0.002048,125,1011,1,1,994,130
340,1.375600,,1138,1715485,1124,165130240,1.425408,0.398336,0.449536,0.575488,0.002048,125,1011,1,1,994,130
341,1.404400,,1138,1715485,1124,165130240,1.423360,0.389120,0.458752,0.573440,0.002048,125,1011,1,1,994,130
342,1.428200,,1138,1715485,1124,165130240,1.718272,0.388096,0.473088,0.855040,0.002048,125,1011,1,1,994,130
343,1.413200,,1138,1715497,1124,165130240,1.809408,0.759808,0.458752,0.588800,0.002048,125,1011,1,1,995,129
344,2.036500,,1138,1715509,1124,165130240,1.420288,0.397312,0.451584,0.568320,0.003072,125,1011,1,1,996,128
345,1.435900,,1138,1715509,1124,165130240,1.434624,0.390144,0.453632,0.588800,0.002048,125,1011,1,1,996,128
346,1.355400,,1138,1715509,1124,165130240,1.456128,0.401408,0.451584,0.601088,0.002048,125,1011,1,1,996,128
347,1.445500,,1138,1715509,1124,165130240,1.437696,0.387072,0.463872,0.584704,0.002048,125,1011,1,1,996,128
348,1.402600,,1138,1715521,1124,165130240,2.107392,0.674816,0.846848,0.582656,0.003072,125,1011,1,1,997,127
349,1.732800,,1138,1715521,1124,165130240,1.414144,0.387072,0.464896,0.560128,0.002048,125,1011,1,1,997,127
350,1.856300,,1138,1715521,1124,165130240,1.502208,0.380928,0.486400,0.632832,0.002048,125,1011,1,1,997,127
351,1.489000,,1138,1715521,1124,165130240,1.497088,0.387072,0.485376,0.623616,0.001024,125,1011,1,1,997,127
352,1.462600,,1138,1715521,1124,165130240,1.496064,0.393216,0.479232,0.621568,0.002048,125,1011,1,1,997,127
353,1.479300,,1138,1715521,1124,165130240,2.162688,0.417792,0.743424,0.999424,0.002048,125,1011,1,1,997,127
354,1.767200,,1138,1715533,1124,165130240,1.518592,0.388096,0.478208,0.652288,0.000000,125,1011,1,1,998,126
355,1.986400,,1138,1715533,1124,165130240,1.508352,0.386048,0.468992,0.652288,0.001024,125,1011,1,1,998,126
356,1.335400,,1138,1715533,1124,165130240,1.408000,0.393216,0.450560,0.562176,0.002048,125,1011,1,1,998,126
357,1.333900,,1138,1715533,1124,165130240,1.403904,0.395264,0.451584,0.555008,0.002048,125,1011,1,1,998,126
358,1.313800,,1138,1715545,1124,165130240,1.661952,0.434176,0.453632,0.772096,0.002048,125,1011,1,1,999,125
359,1.349900,,1138,1715545,1124,165130240,1.719296,0.777216,0.433152,0.506880,0.002048,125,1011,1,1,999,125
360,1.953600,,1138,1715545,1124,165130240,1.347584,0.409600,0.428032,0.507904,0.002048,125,1011,1,1,999,125
361,1.347000,,1138,1715545,1124,165130240,1.539072,0.416768,0.471040,0.650240,0.001024,125,1011,1,1,999,125
362,1.339100,,1138,1715557,1124,165130240,1.510400,0.391168,0.467968,0.650240,0.001024,125,1011,1,1,1000,124
363,1.411200,,1138,1715557,1124,165130240,1.720320,0.393216,0.462848,0.862208,0.002048,125,1011,1,1,1000,124
364,1.464200,,1138,1715557,1124,165130240,1.805312,0.737280,0.473088,0.592896,0.002048,125,1011,1,1,1000,124
365,1.730700,,1128,1708037,1124,165130240,1.398784,0.377856,0.450560,0.568320,0.002048,125,1001,1,1,999,125
366,1.683600,,1128,1708037,1124,165130240,1.406976,0.377856,0.465920,0.561152,0.002048,125,1001,1,1,999,125
367,1.374100,,1128,1708037,1124,165130240,1.461248,0.374784,0.467968,0.616448,0.002048,125,1001,1,1,999,125
368,1.394300,,1128,1708037,1124,165130240,1.467392,0.368640,0.472064,0.624640,0.002048,125,1001,1,1,999,125
369,1.368300,,1128,1708037,1124,165130240,2.055168,0.642048,0.836608,0.574464,0.002048,125,1001,1,1,999,125
370,1.381600,,1128,1708049,1124,165130240,1.391616,0.382976,0.459776,0.546816,0.002048,125,1001,1,1,1000,124
371,1.974900,,1128,1708049,1124,165130240,1.396736,0.397312,0.445440,0.550912,0.003072,125,1001,1,1,1000,124
372,1.482100,,1128,1708049,1124,165130240,1.510400,0.375808,0.474112,0.659456,0.001024,125,1001,1,1,1000,124
373,1.488100,,1128,1708061,1124,165130240,1.525760,0.395264,0.470016,0.659456,0.001024,125,1001,1,1,1001,123
374,1.396500,,1128,1708061,1124,165130240,2.083840,0.435200,0.724992,0.921600,0.002048,125,1001,1,1,1001,123
375,1.487800,,1128,1708061,1124,165130240,1.500160,0.389120,0.459776,0.650240,0.000000,125,1001,1,1,1001,123
376,2.139800,,1128,1708061,1124,165130240,1.491968,0.392192,0.449536,0.650240,0.000000,125,1001,1,1,1001,123
377,1.440200,,1128,1708061,1124,165130240,1.496064,0.380928,0.464896,0.650240,0.000000,125,1001,1,1,1001,123
378,1.467300,,1128,1708061,1124,165130240,1.489920,0.387072,0.452608,0.649216,0.001024,125,1001,1,1,1001,123
379,1.445000,,1128,1708061,1124,165130240,1.785856,0.450560,0.727040,0.606208,0.002048,125,1001,1,1,1001,123
380,1.526500,,1128,1708073,1124,165130240,1.587200,0.382976,0.550912,0.653312,0.000000,125,1001,1,1,1002,122
381,2.221000,,1128,1708073,1124,165130240,1.597440,0.388096,0.556032,0.652288,0.001024,125,1001,1,1,1002,122
382,1.527400,,1128,1708073,1124,165130240,1.580032,0.382976,0.537600,0.658432,0.001024,125,1001,1,1,1002,122
383,1.508700,,1128,1708073,1124,165130240,1.553408,0.374784,0.519168,0.657408,0.002048,125,1001,1,1,1002,122
384,1.488100,,1128,1708073,1124,165130240,2.197504,0.449536,0.730112,1.015808,0.002048,125,1001,1,1,1002,122
385,1.502200,,1138,1715593,1124,165130240,1.510400,0.384000,0.485376,0.638976,0.002048,125,1011,1,1,1003,121
386,2.154100,,1138,1715593,1124,165130240,1.497088,0.390144,0.481280,0.624640,0.001024,125,1011,1,1,1003,121
387,1.514900,,1138,1715593,1124,165130240,1.511424,0.389120,0.488448,0.632832,0.001024,125,1011,1,1,1003,121
388,1.509500,,1138,1715593,1124,165130240,1.408000,0.397312,0.455680,0.551936,0.002048,125,1011,1,1,1003,121
389,1.424900,,1138,1715593,1124,165134336,2.149376,0.457728,0.713728,0.975872,0.002048,125,1011,1,1,1003,121
390,1.472200,,1138,1715593,1124,165134336,1.459200,0.387072,0.457728,0.612352,0.002048,125,1011,1,1,1003,121
391,2.191500,,1148,1723113,1124,165134336,1.516544,0.398336,0.471040,0.645120,0.002048,125,1021,1,1,1004,120
392,1.511400,,1148,1723113,1124,165134336,1.516544,0.378880,0.490496,0.645120,0.002048,125,1021,1,1,1004,120
393,1.458500,,1148,1723113,1124,165134336,1.551360,0.378880,0.531456,0.641024,0.000000,125,1021,1,1,1004,120
394,1.492500,,1148,1723125,1124,165134336,2.179072,0.427008,0.747520,1.004544,0.000000,125,1021,1,1,1005,119
395,1.524200,,1148,1723125,1124,165134336,1.489920,0.374784,0.485376,0.628736,0.001024,125,1021,1,1,1005,119
396,1.841600,,1148,1723125,1124,165134336,1.500160,0.379904,0.475136,0.643072,0.002048,125,1021,1,1,1005,119
397,1.826800,,1148,1723125,1124,165134336,1.480704,0.386048,0.484352,0.608256,0.002048,125,1021,1,1,1005,119
398,1.526500,,1148,1723125,1124,165134336,1.508352,0.389120,0.474112,0.644096,0.001024,125,1021,1,1,1005,119
399,1.493400,,1148,1723137,1124,165134336,1.836032,0.428032,0.763904,0.644096,0.000000,125,1021,1,1,1006,118
400,1.491800,,1148,1723137,1124,165134336,1.848320,0.385024,0.861184,0.601088,0.001024,125,1021,1,1,1006,118
401,2.175400,,1148,1723137,1124,165134336,1.497088,0.385024,0.478208,0.631808,0.002048,125,1021,1,1,1006,118
402,1.382100,,1148,1723137,1124,165134336,1.432576,0.389120,0.456704,0.584704,0.002048,125,1021,1,1,1006,118
403,1.387300,,1148,1723137,1124,165134336,1.423360,0.399360,0.456704,0.565248,0.002048,125,1021,1,1,1006,118
404,1.419000,,1148,1723137,1124,165134336,1.730560,0.395264,0.482304,0.850944,0.002048,125,1021,1,1,1006,118
405,1.417800,,1148,1723137,1124,165134336,1.796096,0.745472,0.466944,0.581632,0.002048,125,1021,1,1,1006,118
406,1.715700,,1158,1730657,1124,165134336,1.445888,0.392192,0.467968,0.583680,0.002048,125,1031,1,1,1007,117
407,1.787500,,1158,1730657,1124,165134336,1.448960,0.400384,0.461824,0.585728,0.001024,125,1031,1,1,1007,117
408,1.409200,,1158,1730657,1124,165134336,1.425408,0.398336,0.454656,0.570368,0.002048,125,1031,1,1,1007,117
409,1.414200,,1158,1730657,1124,165134336,1.478656,0.400384,0.463872,0.612352,0.002048,125,1031,1,1,1007,117
410,1.437000,,1158,1730669,1124,165134336,1.866752,0.391168,0.834560,0.638976,0.002048,125,1031,1,1,1008,116
411,1.439400,,1158,1730669,1124,165134336,1.462272,0.386048,0.475136,0.599040,0.002048,125,1031,1,1,1008,116
412,2.096100,,1148,1723137,1124,165134336,1.469440,0.394240,0.467968,0.605184,0.002048,125,1021,1,1,1006,118
413,1.408500,,1148,1723149,1124,165134336,1.438720,0.389120,0.471040,0.576512,0.002048,125,1021,1,1,1007,117
414,1.487800,,1148,1723149,1124,165134336,1.503232,0.400384,0.475136,0.626688,0.001024,125,1021,1,1,1007,117
415,1.493700,,1148,1723161,1124,165134336,1.860608,0.384000,0.851968,0.622592,0.002048,125,1021,1,1,1008,116
416,1.492800,,1148,1723161,1124,165134336,1.489920,0.381952,0.486400,0.620544,0.001024,125,1021,1,1,1008,116
417,2.148300,,1148,1723161,1124,165134336,1.487872,0.386048,0.479232,0.620544,0.002048,125,1021,1,1,1008,116
418,1.555700,,1148,1723161,1124,165134336,1.517568,0.386048,0.479232,0.652288,0.000000,125,1021,1,1,1008,116
419,1.460500,,1148,1723161,1124,165134336,1.527808,0.392192,0.482304,0.653312,0.000000,125,1021,1,1,1008,116
420,1.397800,,1158,1730681,1124,165134336,2.085888,0.675840,0.821248,0.586752,0.002048,125,1031,1,1,1009,115
421,1.400300,,1158,1730693,1124,165134336,1.448960,0.399360,0.462848,0.583680,0.003072,125,1031,1,1,1010,114
422,1.673300,,1158,1730693,1124,165134336,1.364992,0.391168,0.459776,0.512000,0.002048,125,1031,1,1,1010,114
423,1.696500,,1158,1730693,1124,165134336,1.359872,0.414720,0.449536,0.493568,0.002048,125,1031,1,1,1010,114
424,1.342700,,1158,1730693,1124,165134336,1.349632,0.410624,0.439296,0.497664,0.002048,125,1031,1,1,1010,114
425,1.517200,,1158,1730693,1124,165134336,1.849344,0.427008,0.507904,0.914432,0.000000,125,1031,1,1,1010,114
426,1.502900,,1158,1730705,1124,165134336,1.502208,0.391168,0.463872,0.646144,0.001024,125,1031,1,1,1011,113
427,1.711500,,1158,1730705,1124,165134336,1.457152,0.393216,0.449536,0.612352,0.002048,125,1031,1,1,1011,113
428,1.793000,,1158,1730705,1124,165134336,1.464320,0.380928,0.468992,0.612352,0.002048,125,1031,1,1,1011,113
429,1.376800,,1158,1730705,1124,165134336,1.415168,0.376832,0.453632,0.582656,0.002048,125,1031,1,1,1011,113
430,1.397300,,1158,1730705,1124,165134336,1.721344,0.386048,0.486400,0.846848,0.002048,125,1031,1,1,1011,113
431,1.457500,,1158,1730705,1124,165134336,1.853440,0.749568,0.476160,0.625664,0.002048,125,1031,1,1,1011,113
432,1.462400,,1158,1730717,1124,165134336,1.491968,0.373760,0.481280,0.634880,0.002048,125,1031,1,1,1012,112
433,2.053500,,1158,1730717,1124,165134336,1.427456,0.376832,0.475136,0.573440,0.002048,125,1031,1,1,1012,112
434,1.380500,,1158,1730729,1124,165134336,1.392640,0.373760,0.467968,0.548864,0.002048,125,1031,1,1,1013,111
435,1.382700,,1158,1730729,1124,165134336,1.399808,0.373760,0.472064,0.551936,0.002048,125,1031,1,1,1013,111
436,1.502000,,1158,1730729,1124,165134336,2.060288,0.643072,0.852992,0.562176,0.002048,125,1031,1,1,1013,111
437,1.526300,,1158,1730729,1124,165134336,1.432576,0.394240,0.477184,0.559104,0.002048,125,1031,1,1,1013,111
438,2.080700,,1158,1730741,1124,165134336,1.421312,0.388096,0.472064,0.558080,0.003072,125,1031,1,1,1014,110
439,1.489600,,1158,1730741,1124,165134336,1.453056,0.388096,0.485376,0.577536,0.002048,125,1031,1,1,1014,110
440,1.482500,,1158,1730741,1124,165134336,1.498112,0.379904,0.489472,0.627712,0.001024,125,1031,1,1,1014,110
441,1.496900,,1158,1730741,1124,165134336,2.193408,0.433152,0.743424,1.016832,0.000000,125,1031,1,1,1014,110
442,1.476800,,1158,1730741,1124,165134336,1.516544,0.390144,0.479232,0.646144,0.001024,125,1031,1,1,1014,110
443,1.789100,,1158,1730741,1124,165134336,1.511424,0.385024,0.479232,0.647168,0.000000,125,1031,1,1,1014,110
444,1.922200,,1158,1730753,1124,165134336,1.520640,0.386048,0.485376,0.648192,0.001024,125,1031,1,1,1015,109
445,1.587600,,1158,1730765,1124,165134336,1.506304,0.391168,0.467968,0.646144,0.001024,125,1031,1,1,1016,108
446,1.573200,,1158,1730765,1124,165134336,2.311168,0.658432,1.046528,0.606208,0.000000,125,1031,1,1,1016,108
447,1.548700,,1158,1730765,1124,165134336,1.543168,0.377856,0.559104,0.605184,0.001024,125,1031,1,1,1016,108
448,2.192000,,1158,1730777,1124,165134336,1.559552,0.386048,0.518144,0.653312,0.002048,125,1031,1,1,1017,107
449,1.502800,,1158,1730777,1124,165134336,1.502208,0.382976,0.474112,0.644096,0.001024,125,1031,1,1,1017,107
450,1.488200,,1158,1730777,1124,165134336,1.492992,0.389120,0.459776,0.643072,0.001024,125,1031,1,1,1017,107
451,1.511700,,1158,1730777,1124,165134336,2.177024,0.679936,0.861184,0.633856,0.002048,125,1031,1,1,1017,107
452,1.410800,,1158,1730789,1124,165134336,1.480704,0.397312,0.479232,0.603136,0.001024,125,1031,1,1,1018,106
453,2.125700,,1158,1730801,1124,165134336,1.489920,0.401408,0.454656,0.632832,0.001024,125,1031,1,1,1019,105
454,1.490400,,1168,1738321,1124,165134336,1.494016,0.396288,0.461824,0.634880,0.001024,125,1041,1,1,1020,104
455,1.468500,,1168,1738321,1124,165134336,1.501184,0.395264,0.477184,0.626688,0.002048,125,1041,1,1,1020,104
456,1.508000,,1168,1738321,1124,165134336,2.192384,0.427008,0.769024,0.996352,0.000000,125,1041,1,1,1020,104
457,1.591700,,1168,1738333,1124,165134336,1.519616,0.381952,0.493568,0.643072,0.001024,125,1041,1,1,1021,103
458,2.129800,,1168,1738333,1124,165134336,1.512448,0.374784,0.493568,0.644096,0.000000,125,1041,1,1,1021,103
459,1.479400,,1178,1745853,1124,165134336,1.536000,0.378880,0.506880,0.650240,0.000000,125,1051,1,1,1022,102
460,1.490500,,1168,1738333,1124,165134336,1.550336,0.385024,0.519168,0.646144,0.000000,125,1041,1,1,1021,103
461,1.474900,,1168,1738333,1124,165134336,2.215936,0.687104,0.535552,0.991232,0.002048,125,1041,1,1,1021,103
462,1.518500,,1168,1738333,1124,165134336,1.521664,0.391168,0.484352,0.646144,0.000000,125,1041,1,1,1021,103
463,1.802900,,1158,1730825,1124,165134336,1.503232,0.376832,0.479232,0.646144,0.001024,125,1031,1,1,1021,103
464,1.808800,,1158,1730825,1124,165134336,1.459200,0.385024,0.486400,0.585728,0.002048,125,1031,1,1,1021,103
465,1.464100,,1158,1730825,1124,165134336,1.513472,0.386048,0.482304,0.644096,0.001024,125,1031,1,1,1021,103
466,1.420800,,1158,1730837,1124,165138432,2.129920,0.440320,0.737280,0.950272,0.002048,125,1031,1,1,1022,102
467,1.420400,,1158,1730849,1124,165269504,1.436672,0.393216,0.457728,0.583680,0.002048,125,1031,1,1,1023,101
468,1.733900,,1158,1730873,1124,165269504,1.440768,0.392192,0.456704,0.589824,0.002048,125,1031,1,1,1025,99
469,1.775500,,1158,1730873,1124,165269504,1.452032,0.389120,0.472064,0.588800,0.002048,125,1031,1,1,1025,99
470,1.432700,,1158,1730873,1124,165269504,1.456128,0.390144,0.474112,0.589824,0.002048,125,1031,1,1,1025,99
471,1.441100,,1158,1730873,1124,165269504,2.126848,0.424960,0.749568,0.949248,0.003072,125,1031,1,1,1025,99
472,1.421300,,1148,1723353,1124,165269504,1.453056,0.400384,0.459776,0.590848,0.002048,125,1021,1,1,1024,100
473,1.478500,,1148,1723353,1124,165269504,1.523712,0.398336,0.480256,0.645120,0.000000,125,1021,1,1,1024,100
474,2.120600,,1148,1723389,1124,165269504,1.510400,0.414720,0.447488,0.648192,0.000000,125,1021,1,1,1027,97
475,1.452100,,1148,1723389,1124,165269504,1.476608,0.384000,0.465920,0.624640,0.002048,125,1021,1,1,1027,97
476,1.464400,,1148,1723389,1124,165269504,1.819648,0.397312,0.523264,0.897024,0.002048,125,1021,1,1,1027,97
477,1.422500,,1148,1723389,1124,165269504,1.812480,0.755712,0.462848,0.591872,0.002048,125,1021,1,1,1027,97
478,1.504000,,1148,1723389,1124,165269504,1.507328,0.382976,0.501760,0.621568,0.001024,125,1021,1,1,1027,97
479,2.118300,,1148,1723389,1124,165269504,1.494016,0.388096,0.492544,0.612352,0.001024,125,1021,1,1,1027,97
480,1.478500,,1148,1723401,1124,165269504,1.521664,0.381952,0.499712,0.638976,0.001024,125,1021,1,1,1028,96
481,1.481600,,1148,1723413,1124,165269504,1.800192,0.381952,0.504832,0.913408,0.000000,125,1021,1,1,1029,95
482,1.519000,,1148,1723413,1124,165269504,1.880064,0.766976,0.465920,0.647168,0.000000,125,1021,1,1,1029,95
483,1.526100,,1148,1723401,1124,165269504,1.533952,0.386048,0.493568,0.654336,0.000000,125,1021,1,1,1028,96
484,2.071900,,1148,1723401,1124,165269504,1.472512,0.391168,0.472064,0.607232,0.002048,125,1021,1,1,1028,96
485,1.440500,,1148,1723401,1124,165269504,1.488896,0.400384,0.478208,0.608256,0.002048,125,1021,1,1,1028,96
486,1.360200,,1148,1723413,1124,165269504,1.632256,0.389120,0.453632,0.786432,0.003072,125,1021,1,1,1029,95
487,1.354800,,1148,1723425,1124,165269504,1.707008,0.765952,0.446464,0.491520,0.003072,125,1021,1,1,1030,94
488,1.350600,,1148,1723437,1124,165269504,1.341440,0.404480,0.439296,0.495616,0.002048,125,1021,1,1,1031,93
489,1.846600,,1148,1723437,1124,165269504,1.517568,0.409600,0.461824,0.645120,0.001024,125,1021,1,1,1031,93
490,1.860000,,1148,1723437,1124,165269504,1.498112,0.393216,0.458752,0.645120,0.001024,125,1021,1,1,1031,93
491,1.451100,,1148,1723437,1124,165269504,1.503232,0.397312,0.460800,0.644096,0.001024,125,1021,1,1,1031,93
492,1.456200,,1148,1723449,1124,165269504,2.150400,0.390144,0.747520,1.012736,0.000000,125,1021,1,1,1032,92
493,1.404600,,1148,1723449,1124,165269504,1.424384,0.377856,0.450560,0.592896,0.003072,125,1021,1,1,1032,92
494,1.720600,,1148,1723449,1124,165269504,1.430528,0.376832,0.456704,0.594944,0.002048,125,1021,1,1,1032,92
495,1.837900,,1148,1723449,1124,165269504,1.472512,0.368640,0.474112,0.627712,0.002048,125,1021,1,1,1032,92
496,1.481800,,1148,1723449,1124,165269504,1.486848,0.372736,0.475136,0.637952,0.001024,125,1021,1,1,1032,92
497,1.423800,,1148,1723449,1124,165269504,2.103296,0.414720,0.744448,0.935936,0.008192,125,1021,1,1,1032,92
498,1.389900,,1148,1723449,1124,165269504,1.396736,0.376832,0.462848,0.555008,0.002048,125,1021,1,1,1032,92
499,1.388600,,1148,1723461,1124,165269504,1.404928,0.370688,0.474112,0.558080,0.002048,125,1021,1,1,1033,91
500,2.057700,,1148,1723461,1124,165269504,1.418240,0.377856,0.467968,0.570368,0.002048,125,1021,1,1,1033,91
501,1.425600,,1148,1723461,1124,165269504,1.432576,0.390144,0.472064,0.568320,0.002048,125,1021,1,1,1033,91
502,1.393400,,1148,1723461,1124,165269504,1.720320,0.390144,0.498688,0.828416,0.003072,125,1021,1,1,1033,91
503,1.446200,,1148,1723461,1124,165269504,1.803264,0.742400,0.489472,0.569344,0.002048,125,1021,1,1,1033,91
504,1.500000,,1148,1723461,1124,165269504,1.489920,0.392192,0.486400,0.610304,0.001024,125,1021,1,1,1033,91
505,2.183800,,1148,1723461,1124,165269504,1.507328,0.379904,0.479232,0.648192,0.000000,125,1021,1,1,1033,91
506,1.495600,,1148,1723461,1124,165269504,1.519616,0.389120,0.484352,0.645120,0.001024,125,1021,1,1,1033,91
507,1.496400,,1148,1723449,1124,165269504,1.797120,0.381952,0.497664,0.916480,0.001024,125,1021,1,1,1032,92
508,1.515600,,1148,1723449,1124,165269504,1.918976,0.740352,0.533504,0.644096,0.001024,125,1021,1,1,1032,92
509,1.510400,,1148,1723449,1124,165269504,1.555456,0.387072,0.524288,0.644096,0.000000,125,1021,1,1,1032,92
510,2.311700,,1148,1723461,1124,165269504,1.552384,0.397312,0.539648,0.614400,0.001024,125,1021,1,1,1033,91
511,1.522600,,1148,1723461,1124,165269504,1.536000,0.376832,0.543744,0.615424,0.000000,125,1021,1,1,1033,91
512,1.547100,,1148,1723461,1124,165269504,1.820672,0.386048,0.572416,0.861184,0.001024,125,1021,1,1,1033,91
513,1.495100,,1148,1723473,1124,165269504,1.893376,0.749568,0.541696,0.601088,0.001024,125,1021,1,1,1034,90
514,1.492300,,1148,1723473,1124,165269504,1.509376,0.390144,0.498688,0.618496,0.002048,125,1021,1,1,1034,90
515,2.170200,,1148,1723485,1124,165269504,1.521664,0.387072,0.489472,0.643072,0.002048,125,1021,1,1,1035,89
516,1.473800,,1158,1731017,1124,165269504,1.502208,0.398336,0.482304,0.620544,0.001024,125,1031,1,1,1037,87
517,1.478800,,1148,1723509,1124,165269504,1.808384,0.399360,0.487424,0.919552,0.002048,125,1021,1,1,1037,87
518,1.487600,,1148,1723509,1124,165269504,1.870848,0.761856,0.468992,0.637952,0.002048,125,1021,1,1,1037,87
519,1.504700,,1148,1723521,1124,165269504,1.458176,0.389120,0.467968,0.599040,0.002048,125,1021,1,1,1038,86
520,2.193000,,1148,1723521,1124,165269504,1.489920,0.392192,0.474112,0.621568,0.002048,125,1021,1,1,1038,86
521,1.545700,,1148,1723521,1124,165269504,1.532928,0.382976,0.505856,0.643072,0.001024,125,1021,1,1,1038,86
522,1.470000,,1148,1723545,1124,165269504,1.815552,0.370688,0.550912,0.892928,0.001024,125,1021,1,1,1040,84
523,1.529600,,1148,1723557,1124,165269504,1.880064,0.745472,0.499712,0.634880,0.000000,125,1021,1,1,1041,83
524,1.547300,,1148,1723557,1124,165269504,1.514496,0.384000,0.488448,0.641024,0.001024,125,1021,1,1,1041,83
525,2.206800,,1148,1723569,1124,165269504,1.474560,0.384000,0.466944,0.622592,0.001024,125,1021,1,1,1042,82
526,1.546000,,1148,1723569,1124,165269504,1.489920,0.390144,0.466944,0.632832,0.000000,125,1021,1,1,1042,82
527,1.464400,,1148,1723569,1124,165269504,1.466368,0.380928,0.452608,0.632832,0.000000,125,1021,1,1,1042,82
528,1.443100,,1138,1716049,1124,165269504,2.057216,0.659456,0.828416,0.567296,0.002048,125,1011,1,1,1041,83
529,1.516800,,1138,1716061,1124,165269504,1.487872,0.386048,0.465920,0.634880,0.001024,125,1011,1,1,1042,82
530,2.116100,,1138,1716061,1124,165269504,1.486848,0.386048,0.461824,0.637952,0.001024,125,1011,1,1,1042,82
531,1.415000,,1138,1716061,1124,165269504,1.424384,0.391168,0.441344,0.590848,0.001024,125,1011,1,1,1042,82
532,1.435100,,1138,1716061,1124,165269504,1.442816,0.400384,0.454656,0.585728,0.002048,125,1011,1,1,1042,82
533,1.451500,,1138,1716061,1124,165269504,2.084864,0.401408,0.729088,0.952320,0.002048,125,1011,1,1,1042,82
534,1.420300,,1148,1723581,1124,165269504,1.448960,0.390144,0.474112,0.582656,0.002048,125,1021,1,1,1043,81
535,2.123600,,1148,1723605,1124,165269504,1.447936,0.387072,0.476160,0.583680,0.001024,125,1021,1,1,1045,79
536,1.439400,,1148,1723605,1124,165269504,1.464320,0.396288,0.467968,0.598016,0.002048,125,1021,1,1,1045,79
537,1.509300,,1148,1723605,1124,165269504,1.507328,0.404480,0.463872,0.638976,0.000000,125,1021,1,1,1045,79
538,1.503600,,1148,1723605,1124,165269504,2.170880,0.445440,0.720896,1.003520,0.001024,125,1021,1,1,1045,79
539,1.475400,,1148,1723605,1124,165269504,1.487872,0.385024,0.463872,0.636928,0.002048,125,1021,1,1,1045,79
540,1.809700,,1148,1723605,1124,165269504,1.502208,0.394240,0.471040,0.634880,0.002048,125,1021,1,1,1045,79
541,1.793300,,1148,1723605,1124,165269504,1.452032,0.387072,0.467968,0.594944,0.002048,125,1021,1,1,1045,79
542,1.499800,,1148,1723605,1124,165269504,1.497088,0.396288,0.486400,0.613376,0.001024,125,1021,1,1,1045,79
543,1.490900,,1148,1723605,1124,165269504,1.773568,0.429056,0.748544,0.594944,0.001024,125,1021,1,1,1045,79
544,1.522400,,1148,1723605,1124,165269504,1.527808,0.388096,0.499712,0.640000,0.000000,125,1021,1,1,1045,79
545,1.789400,,1148,1723617,1124,165269504,1.488896,0.379904,0.473088,0.635904,0.000000,125,1021,1,1,1046,78
546,1.863400,,1148,1723617,1124,165269504,1.482752,0.391168,0.454656,0.636928,0.000000,125,1021,1,1,1046,78
547,1.530400,,1158,1731149,1124,165269504,1.529856,0.384000,0.501760,0.643072,0.001024,125,1031,1,1,1048,76
548,1.456900,,1158,1731161,1124,165269504,2.189312,0.432128,0.753664,1.003520,0.000000,125,1031,1,1,1049,75
549,1.486600,,1158,1731161,1124,165269504,1.497088,0.392192,0.463872,0.641024,0.000000,125,1031,1,1,1049,75
550,1.676700,,1158,1731161,1124,165269504,1.401856,0.392192,0.452608,0.555008,0.002048,125,1031,1,1,1049,75
551,1.637500,,1158,1731173,1124,165269504,1.397760,0.404480,0.446464,0.544768,0.002048,125,1031,1,1,1050,74
552,1.338500,,1158,1731173,1124,165269504,1.356800,0.400384,0.451584,0.501760,0.002048,125,1031,1,1,1050,74
553,1.499700,,1158,1731173,1124,165269504,1.729536,0.412672,0.488448,0.825344,0.003072,125,1031,1,1,1050,74
554,1.501200,,1158,1731173,1124,165269504,1.809408,0.766976,0.464896,0.575488,0.002048,125,1031,1,1,1050,74
555,1.494000,,1158,1731185,1124,165269504,1.504256,0.390144,0.470016,0.644096,0.000000,125,1031,1,1,1051,73
556,2.143100,,1158,1731197,1124,165269504,1.508352,0.375808,0.486400,0.645120,0.001024,125,1031,1,1,1052,72
557,1.414000,,1158,1731221,1124,165269504,1.487872,0.379904,0.463872,0.643072,0.001024,125,1031,1,1,1054,70
558,1.415900,,1158,1731221,1124,165269504,1.502208,0.384000,0.475136,0.642048,0.001024,125,1031,1,1,1054,70
559,1.476600,,1158,1731221,1124,165269504,2.082816,0.641024,0.826368,0.615424,0.000000,125,1031,1,1,1054,70
560,1.467700,,1158,1731221,1124,165269504,1.454080,0.364544,0.472064,0.617472,0.000000,125,1031,1,1,1054,70
561,2.102500,,1158,1731221,1124,165269504,1.421312,0.368640,0.470016,0.579584,0.003072,125,1031,1,1,1054,70
562,1.392300,,1158,1731245,1124,165269504,1.406976,0.374784,0.471040,0.559104,0.002048,125,1031,1,1,1056,68
563,1.401400,,1158,1731245,1124,165269504,1.398784,0.381952,0.453632,0.561152,0.002048,125,1031,1,1,1056,68
564,1.392300,,1158,1731245,1124,165269504,2.084864,0.409600,0.731136,0.942080,0.002048,125,1031,1,1,1056,68
565,1.425600,,1158,1731257,1124,165269504,1.433600,0.385024,0.471040,0.574464,0.003072,125,1031,1,1,1057,67
566,1.723000,,1158,1731269,1124,165269504,1.423360,0.382976,0.471040,0.567296,0.002048,125,1031,1,1,1058,66
567,1.780200,,1158,1731269,1124,165269504,1.433600,0.393216,0.474112,0.564224,0.002048,125,1031,1,1,1058,66
568,1.483400,,1158,1731269,1124,165269504,1.431552,0.379904,0.479232,0.570368,0.002048,125,1031,1,1,1058,66
569,1.494600,,1158,1731269,1124,165269504,1.831936,0.410624,0.516096,0.905216,0.000000,125,1031,1,1,1058,66
570,1.497100,,1158,1731269,1124,165269504,1.505280,0.391168,0.475136,0.637952,0.001024,125,1031,1,1,1058,66
571,1.801400,,1148,1723749,1124,165269504,1.486848,0.382976,0.479232,0.623616,0.001024,125,1021,1,1,1057,67
572,1.893900,,1148,1723749,1124,165269504,1.513472,0.394240,0.473088,0.646144,0.000000,125,1021,1,1,1057,67
573,1.546200,,1158,1731257,1124,165269504,1.525760,0.388096,0.491520,0.646144,0.000000,125,1031,1,1,1057,67
574,1.532700,,1158,1731257,1124,165269504,1.856512,0.413696,0.817152,0.625664,0.000000,125,1031,1,1,1057,67
575,1.533400,,1158,1731257,1124,165269504,1.906688,0.751616,0.527360,0.626688,0.001024,125,1031,1,1,1057,67
576,1.823600,,1158,1731257,1124,165269504,1.520640,0.384000,0.534528,0.601088,0.001024,125,1031,1,1,1057,67
577,1.870400,,1158,1731257,1124,165269504,1.511424,0.382976,0.525312,0.603136,0.000000,125,1031,1,1,1057,67
578,1.491400,,1158,1731257,1124,165269504,1.569792,0.391168,0.540672,0.637952,0.000000,125,1031,1,1,1057,67
579,1.505100,,1158,1731257,1124,165269504,2.445312,0.660480,0.784384,0.999424,0.001024,125,1031,1,1,1057,67
580,1.491600,,1158,1731269,1124,165269504,1.769472,0.394240,0.743424,0.629760,0.002048,125,1031,1,1,1058,66
581,1.812500,,1158,1731269,1124,165269504,1.530880,0.395264,0.489472,0.645120,0.001024,125,1031,1,1,1058,66
582,1.843300,,1158,1731269,1124,165269504,1.510400,0.389120,0.471040,0.650240,0.000000,125,1031,1,1,1058,66
583,1.452500,,1158,1731269,1124,165269504,1.474560,0.388096,0.468992,0.615424,0.002048,125,1031,1,1,1058,66
584,1.475500,,1158,1731281,1124,165269504,2.393088,0.672768,0.706560,1.011712,0.002048,125,1031,1,1,1059,65
585,1.573600,,1158,1731281,1124,165269504,1.496064,0.377856,0.483328,0.634880,0.000000,125,1031,1,1,1059,65
586,1.777400,,1158,1731281,1124,165269504,1.520640,0.373760,0.510976,0.635904,0.000000,125,1031,1,1,1059,65
587,1.864200,,1158,1731305,1124,165269504,1.514496,0.375808,0.503808,0.634880,0.000000,125,1031,1,1,1061,63
588,1.507000,,1158,1731317,1124,165269504,1.526784,0.382976,0.495616,0.647168,0.001024,125,1031,1,1,1062,62
589,1.454400,,1158,1731317,1124,165269504,2.132992,0.642048,0.846848,0.642048,0.002048,125,1031,1,1,1062,62
590,1.493300,,1158,1731317,1124,165269504,1.432576,0.390144,0.456704,0.584704,0.001024,125,1031,1,1,1062,62
591,1.456600,,1158,1731317,1124,165269504,1.427456,0.389120,0.459776,0.576512,0.002048,125,1031,1,1,1062,62
592,2.035900,,1158,1731329,1124,165269504,1.424384,0.382976,0.474112,0.565248,0.002048,125,1031,1,1,1063,61
593,1.442100,,1158,1731329,1124,165269504,1.499136,0.387072,0.465920,0.646144,0.000000,125,1031,1,1,1063,61
594,1.478900,,1158,1731329,1124,165269504,1.808384,0.427008,0.734208,0.646144,0.001024,125,1031,1,1,1063,61
595,1.419700,,1158,1731329,1124,165269504,1.461248,0.403456,0.450560,0.606208,0.001024,125,1031,1,1,1063,61
596,1.445000,,1158,1731353,1124,165269504,1.471488,0.394240,0.477184,0.598016,0.002048,125,1031,1,1,1065,59
597,2.073200,,1158,1731353,1124,165269504,1.459200,0.388096,0.477184,0.592896,0.001024,125,1031,1,1,1065,59
598,1.439100,,1158,1731353,1124,165269504,1.471488,0.390144,0.477184,0.602112,0.002048,125,1031,1,1,1065,59
599,1.437300,,1168,1738873,1124,165269504,2.165760,0.446464,0.757760,0.960512,0.001024,125,1041,1,1,1066,58
600,1.447400,,1178,1746381,1124,165269504,1.520640,0.399360,0.489472,0.630784,0.001024,125,1051,1,1,1066,58
601,1.501700,,1178,1746381,1124,165269504,1.526784,0.386048,0.499712,0.640000,0.001024,125,1051,1,1,1066,58
602,2.169300,,1178,1746381,1124,165269504,1.508352,0.397312,0.470016,0.641024,0.000000,125,1051,1,1,1066,58
603,1.511800,,1178,1746381,1124,165269504,1.514496,0.396288,0.473088,0.644096,0.001024,125,1051,1,1,1066,58
604,1.466800,,1178,1746405,1124,165269504,2.201600,0.439296,0.753664,1.006592,0.002048,125,1051,1,1,1068,56
605,1.436800,,1178,1746405,1124,165269504,1.479680,0.388096,0.486400,0.603136,0.002048,125,1051,1,1,1068,56
606,1.501200,,1178,1746417,1124,165269504,1.492992,0.376832,0.507904,0.607232,0.001024,125,1051,1,1,1069,55
607,1.749600,,1178,1746417,1124,165269504,1.472512,0.380928,0.496640,0.593920,0.001024,125,1051,1,1,1069,55
608,1.866300,,1178,1746417,1124,165269504,1.500160,0.378880,0.500736,0.620544,0.000000,125,1051,1,1,1069,55
609,1.484700,,1178,1746441,1124,165269504,2.209792,0.411648,0.807936,0.989184,0.001024,125,1051,1,1,1071,53
610,1.470900,,1188,1753961,1124,165269504,1.522688,0.377856,0.506880,0.637952,0.000000,125,1061,1,1,1072,52
611,1.513600,,1188,1753961,1124,165269504,1.522688,0.386048,0.498688,0.637952,0.000000,125,1061,1,1,1072,52
612,2.229600,,1198,1761481,1124,165269504,1.530880,0.388096,0.502784,0.640000,0.000000,125,1071,1,1,1073,51
613,1.442000,,1198,1761493,1124,165269504,1.551360,0.397312,0.510976,0.643072,0.000000,125,1071,1,1,1074,50
614,1.393100,,1198,1761481,1124,165269504,1.764352,0.434176,0.496640,0.830464,0.003072,125,1071,1,1,1073,51
615,1.445600,,1198,1761481,1124,165531648,1.746944,0.759808,0.459776,0.524288,0.003072,125,1071,1,1,1073,51
616,1.303400,,1198,1761481,1124,165531648,1.388544,0.400384,0.466944,0.518144,0.003072,125,1071,1,1,1073,51
617,1.721900,,1198,1761493,1124,165531648,1.469440,0.403456,0.479232,0.584704,0.002048,125,1071,1,1,1074,50
618,1.794300,,1188,1753961,1124,165531648,1.491968,0.391168,0.471040,0.627712,0.002048,125,1061,1,1,1072,52
619,1.496500,,1178,1746441,1124,165531648,1.807360,0.389120,0.517120,0.900096,0.001024,125,1051,1,1,1071,53
620,1.496400,,1178,1746441,1124,165531648,1.886208,0.747520,0.497664,0.641024,0.000000,125,1051,1,1,1071,53
621,1.487300,,1178,1746453,1124,165531648,1.510400,0.374784,0.496640,0.638976,0.000000,125,1051,1,1,1072,52
622,1.493200,,1178,1746453,1124,165531648,1.533952,0.373760,0.520192,0.640000,0.000000,125,1051,1,1,1072,52
623,2.062300,,1178,1746453,1124,165531648,1.516544,0.386048,0.488448,0.642048,0.000000,125,1051,1,1,1072,52
624,1.448200,,1178,1746453,1124,165531648,1.777664,0.366592,0.507904,0.903168,0.000000,125,1051,1,1,1072,52
625,1.408000,,1178,1746453,1124,165662720,1.806336,0.746496,0.473088,0.584704,0.002048,125,1051,1,1,1072,52
626,1.393000,,1178,1746453,1124,165662720,1.426432,0.388096,0.474112,0.562176,0.002048,125,1051,1,1,1072,52
627,1.396000,,1178,1746453,1124,165662720,1.419264,0.373760,0.477184,0.566272,0.002048,125,1051,1,1,1072,52
628,2.069200,,1178,1746453,1124,165793792,1.432576,0.374784,0.474112,0.581632,0.002048,125,1051,1,1,1072,52
629,1.494600,,1178,1746465,1124,165793792,1.452032,0.389120,0.479232,0.581632,0.002048,125,1051,1,1,1073,51
630,1.352400,,1178,1746477,1124,165793792,2.069504,0.651264,0.836608,0.579584,0.002048,125,1051,1,1,1074,50
631,1.418200,,1178,1746477,1124,165793792,1.452032,0.385024,0.483328,0.581632,0.002048,125,1051,1,1,1074,50
632,1.421500,,1178,1746477,1124,165793792,1.455104,0.371712,0.496640,0.585728,0.001024,125,1051,1,1,1074,50
633,1.816600,,1178,1746477,1124,165793792,1.489920,0.379904,0.491520,0.617472,0.001024,125,1051,1,1,1074,50
634,1.837200,,1178,1746477,1124,165793792,1.517568,0.385024,0.493568,0.636928,0.002048,125,1051,1,1,1074,50
635,1.480600,,1178,1746477,1124,165793792,2.183168,0.416768,0.755712,1.009664,0.001024,125,1051,1,1,1074,50
636,1.504500,,1188,1754009,1124,165793792,1.530880,0.388096,0.499712,0.643072,0.000000,125,1061,1,1,1076,48
637,1.510800,,1188,1754009,1124,165793792,1.533952,0.384000,0.490496,0.659456,0.000000,125,1061,1,1,1076,48
638,1.860700,,1188,1754009,1124,165793792,1.554432,0.377856,0.530432,0.644096,0.002048,125,1061,1,1,1076,48
639,1.889500,,1178,1746489,1124,165793792,1.544192,0.382976,0.531456,0.628736,0.001024,125,1051,1,1,1075,49
640,1.513600,,1178,1746501,1124,165793792,2.174976,0.668672,0.894976,0.611328,0.000000,125,1051,1,1,1076,48
641,1.509600,,1178,1746501,1124,165924864,1.531904,0.385024,0.536576,0.610304,0.000000,125,1051,1,1,1076,48
642,1.557300,,1178,1746489,1124,165924864,1.554432,0.388096,0.542720,0.622592,0.001024,125,1051,1,1,1075,49
643,2.432600,,1178,1746489,1124,165924864,1.525760,0.397312,0.495616,0.632832,0.000000,125,1051,1,1,1075,49
644,1.733300,,1178,1746489,1124,165924864,1.540096,0.396288,0.497664,0.646144,0.000000,125,1051,1,1,1075,49
645,1.506100,,1178,1746489,1124,165924864,2.232320,0.411648,1.167360,0.653312,0.000000,125,1051,1,1,1075,49
646,1.503700,,1178,1746489,1124,165924864,1.523712,0.390144,0.489472,0.643072,0.001024,125,1051,1,1,1075,49
647,1.479700,,1178,1746489,1124,165924864,1.507328,0.391168,0.471040,0.645120,0.000000,125,1051,1,1,1075,49
648,2.371100,,1178,1746489,1124,166055936,1.517568,0.385024,0.485376,0.647168,0.000000,125,1051,1,1,1075,49
649,1.479000,,1178,1746489,1124,166055936,1.541120,0.386048,0.510976,0.644096,0.000000,125,1051,1,1,1075,49
650,1.517100,,1178,1746489,1124,166055936,2.150400,0.654336,0.492544,1.003520,0.000000,125,1051,1,1,1075,49
651,1.516400,,1188,1754009,1124,166055936,1.555456,0.380928,0.514048,0.660480,0.000000,125,1061,1,1,1076,48
652,1.517300,,1188,1754009,1124,166055936,1.559552,0.379904,0.520192,0.659456,0.000000,125,1061,1,1,1076,48
653,2.130800,,1188,1753997,1124,166055936,1.536000,0.388096,0.490496,0.655360,0.002048,125,1061,1,1,1075,49
654,1.419100,,1188,1753997,1124,166055936,1.547264,0.394240,0.516096,0.635904,0.001024,125,1061,1,1,1075,49
655,1.420500,,1188,1753985,1124,166055936,2.110464,0.634880,0.497664,0.975872,0.002048,125,1061,1,1,1074,50
656,1.421800,,1188,1753985,1124,166187008,1.508352,0.387072,0.504832,0.616448,0.000000,125,1061,1,1,1074,50
657,1.515200,,1188,1753997,1124,166187008,1.516544,0.388096,0.484352,0.644096,0.000000,125,1061,1,1,1075,49
658,1.780200,,1188,1753997,1124,166187008,1.506304,0.387072,0.476160,0.643072,0.000000,125,1061,1,1,1075,49
659,1.848300,,1188,1753997,1124,166187008,1.491968,0.389120,0.467968,0.633856,0.001024,125,1061,1,1,1075,49
660,1.420500,,1188,1753997,1124,166187008,2.129920,0.666624,0.473088,0.990208,0.000000,125,1061,1,1,1075,49
661,1.457800,,1188,1754009,1124,166318080,1.533952,0.394240,0.488448,0.651264,0.000000,125,1061,1,1,1076,48
662,1.460400,,1188,1754009,1124,166318080,1.474560,0.389120,0.481280,0.602112,0.002048,125,1061,1,1,1076,48
663,2.160400,,1188,1754009,1124,166318080,1.504256,0.393216,0.486400,0.623616,0.001024,125,1061,1,1,1076,48
664,1.504700,,1188,1754009,1124,166318080,1.497088,0.389120,0.494592,0.612352,0.001024,125,1061,1,1,1076,48
665,1.508700,,1188,1754009,1124,166318080,2.119680,0.657408,0.862208,0.600064,0.000000,125,1061,1,1,1076,48
666,1.492300,,1188,1754021,1124,166318080,1.484800,0.393216,0.491520,0.600064,0.000000,125,1061,1,1,1077,47
667,1.517900,,1188,1754021,1124,166318080,1.504256,0.382976,0.491520,0.628736,0.001024,125,1061,1,1,1077,47
668,2.181400,,1188,1754021,1124,166318080,1.507328,0.385024,0.487424,0.633856,0.001024,125,1061,1,1,1077,47
669,1.470300,,1188,1754033,1124,166449152,1.509376,0.386048,0.485376,0.635904,0.002048,125,1061,1,1,1078,46
670,1.481500,,1188,1754021,1124,166449152,2.189312,0.672768,0.874496,0.641024,0.001024,125,1061,1,1,1077,47
671,1.460800,,1188,1754021,1124,166449152,1.488896,0.387072,0.495616,0.604160,0.001024,125,1061,1,1,1077,47
672,1.494600,,1188,1754033,1124,166449152,1.531904,0.382976,0.525312,0.621568,0.002048,125,1061,1,1,1078,46
673,2.207900,,1188,1754033,1124,166449152,1.492992,0.385024,0.494592,0.612352,0.001024,125,1061,1,1,1078,46
674,1.548000,,1188,1754033,1124,166449152,1.538048,0.381952,0.515072,0.640000,0.001024,125,1061,1,1,1078,46
675,1.479900,,1188,1754021,1124,166449152,2.190336,0.657408,0.892928,0.638976,0.001024,125,1061,1,1,1077,47
676,1.512300,,1188,1754033,1124,166449152,1.558528,0.393216,0.525312,0.638976,0.001024,125,1061,1,1,1078,46
677,1.554100,,1188,1754033,1124,166449152,1.518592,0.396288,0.476160,0.646144,0.000000,125,1061,1,1,1078,46
678,1.763800,,1188,1754033,1124,166449152,1.536000,0.394240,0.495616,0.646144,0.000000,125,1061,1,1,1078,46
679,1.733600,,1188,1754021,1124,166449152,1.401856,0.405504,0.465920,0.528384,0.002048,125,1061,1,1,1077,47
680,1.384800,,1188,1754021,1124,166449152,2.071552,0.445440,0.728064,0.894976,0.003072,125,1061,1,1,1077,47
681,1.457700,,1188,1754009,1124,166449152,1.500160,0.404480,0.483328,0.610304,0.002048,125,1061,1,1,1076,48
682,1.483600,,1188,1754009,1124,166449152,1.546240,0.396288,0.490496,0.657408,0.002048,125,1061,1,1,1076,48
683,1.804000,,1188,1754009,1124,166449152,1.497088,0.395264,0.483328,0.616448,0.002048,125,1061,1,1,1076,48
684,1.873800,,1188,1754009,1124,166449152,1.463296,0.379904,0.480256,0.601088,0.002048,125,1061,1,1,1076,48
685,1.506000,,1188,1754009,1124,166449152,2.107392,0.427008,1.018880,0.661504,0.000000,125,1061,1,1,1076,48
686,1.518700,,1188,1754009,1124,166449152,1.533952,0.378880,0.492544,0.662528,0.000000,125,1061,1,1,1076,48
687,1.507900,,1188,1754009,1124,166449152,1.527808,0.368640,0.496640,0.662528,0.000000,125,1061,1,1,1076,48
688,1.763100,,1188,1754021,1124,166449152,1.529856,0.374784,0.492544,0.662528,0.000000,125,1061,1,1,1077,47
689,1.790900,,1188,1754021,1124,166449152,1.524736,0.370688,0.494592,0.658432,0.001024,125,1061,1,1,1077,47
690,1.418300,,1188,1754021,1124,166449152,2.211840,0.424960,0.763904,1.021952,0.001024,125,1061,1,1,1077,47
691,1.418800,,1188,1754033,1124,166449152,1.432576,0.369664,0.485376,0.575488,0.002048,125,1061,1,1,1078,46
692,1.421000,,1188,1754033,1124,166449152,1.489920,0.382976,0.494592,0.609280,0.003072,125,1061,1,1,1078,46
693,1.436300,,1188,1754033,1124,166449152,1.517568,0.399360,0.501760,0.613376,0.003072,125,1061,1,1,1078,46
694,2.056300,,1188,1754033,1124,166449152,1.515520,0.397312,0.504832,0.611328,0.002048,125,1061,1,1,1078,46
695,1.483000,,1188,1754021,1124,166449152,2.224128,0.435200,0.790528,0.996352,0.002048,125,1061,1,1,1077,47
696,1.413500,,1188,1754021,1124,166449152,1.530880,0.386048,0.526336,0.616448,0.002048,125,1061,1,1,1077,47
697,1.479500,,1188,1754021,1124,166449152,1.529856,0.387072,0.527360,0.613376,0.002048,125,1061,1,1,1077,47
698,1.523100,,1188,1753997,1124,166449152,1.541120,0.390144,0.502784,0.646144,0.002048,125,1061,1,1,1075,49
699,2.162600,,1188,1753997,1124,166449152,1.523712,0.388096,0.496640,0.636928,0.002048,125,1061,1,1,1075,49
700,1.523700,,1188,1753997,1124,166449152,2.269184,0.700416,0.885760,0.683008,0.000000,125,1061,1,1,1075,49
701,1.523700,,1188,1753997,1124,166449152,1.581056,0.391168,0.508928,0.680960,0.000000,125,1061,1,1,1075,49
702,1.548800,,1188,1753997,1124,166449152,1.573888,0.387072,0.536576,0.648192,0.002048,125,1061,1,1,1075,49
703,1.537900,,1188,1753997,1124,166449152,1.574912,0.390144,0.539648,0.643072,0.002048,125,1061,1,1,1075,49
704,2.169200,,1188,1753997,1124,166449152,1.606656,0.394240,0.574464,0.636928,0.001024,125,1061,1,1,1075,49
705,1.526800,,1188,1753997,1124,166449152,2.259968,0.679936,0.942080,0.636928,0.001024,125,1061,1,1,1075,49
706,1.544200,,1188,1753997,1124,166449152,1.592320,0.395264,0.556032,0.641024,0.000000,125,1061,1,1,1075,49
707,1.513700,,1198,1761529,1124,166453248,1.577984,0.397312,0.538624,0.641024,0.001024,125,1071,1,1,1077,47
708,1.542700,,1198,1761529,1124,166453248,1.642496,0.402432,0.560128,0.678912,0.001024,125,1071,1,1,1077,47
709,2.228700,,1198,1761529,1124,166453248,1.651712,0.410624,0.557056,0.684032,0.000000,125,1071,1,1,1077,47
710,1.501400,,1198,1761529,1124,166453248,1.971200,0.396288,0.888832,0.685056,0.001024,125,1071,1,1,1077,47
711,1.483300,,1198,1761529,1124,166453248,1.597440,0.397312,0.520192,0.678912,0.001024,125,1071,1,1,1077,47
712,1.505200,,1198,1761541,1124,166453248,1.596416,0.397312,0.519168,0.679936,0.000000,125,1071,1,1,1078,46
713,1.538200,,1198,1761529,1124,166453248,1.596416,0.385024,0.527360,0.683008,0.001024,125,1071,1,1,1077,47
714,2.136300,,1208,1769049,1124,166453248,2.307072,0.392192,0.585728,1.329152,0.000000,125,1081,1,1,1078,46
715,1.564100,,1208,1769049,1124,166584320,1.567744,0.384000,0.512000,0.671744,0.000000,125,1081,1,1,1078,46
716,1.530900,,1208,1769049,1124,166584320,1.572864,0.393216,0.505856,0.673792,0.000000,125,1081,1,1,1078,46
717,1.521100,,1208,1769061,1124,166584320,1.563648,0.394240,0.503808,0.665600,0.000000,125,1081,1,1,1079,45
718,1.548900,,1208,1769049,1124,166711296,1.567744,0.397312,0.505856,0.664576,0.000000,125,1081,1,1,1078,46
719,2.092300,,1208,1769049,1124,166711296,2.222080,0.429056,0.785408,1.005568,0.002048,125,1081,1,1,1078,46
720,1.503500,,1208,1769049,1124,166711296,1.563648,0.390144,0.533504,0.638976,0.001024,125,1081,1,1,1078,46
